APO01,2
APO02,2
APO03,2
APO04,2
APO05,2
APO06,2
APO07,2
APO08,2
APO09,2
APO10,2
APO11,2
APO12,2
APO13,2
BAI01,2
BAI02,2
BAI03,2
BAI04,2
BAI05,2
BAI06,2
BAI07,2
BAI08,2
BAI09,2
BAI10,2
DSS01,2
DSS02,2
DSS03,2
DSS04,2
DSS05,2
DSS06,2
EDM01,2
EDM02,2
EDM03,2
EDM04,2
EDM05,2
MEA01,2
MEA02,2
MEA03,2
AC-02 (01),3
AC-02 (02),3
AC-02 (03),3
AC-02 (04),3
AC-02 (05),3
AC-02 (07),3
AC-02 (09),3
AC-02 (10),3
AC-02 (11),3
AC-02 (12),3
AC-02 (13),3
AC-04 (08),3
AC-04 (21),3
AC-06 (01),3
AC-06 (02),3
AC-06 (03),3
AC-06 (05),3
AC-06 (07),3
AC-06 (08),3
AC-06 (09),3
AC-06 (10),3
AC-07 (02),3
AC-11 (01),3
AC-12 (01),3
AC-17 (01),3
AC-17 (02),3
AC-17 (03),3
AC-17 (04),3
AC-17 (09),3
AC-18 (01),3
AC-18 (03),3
AC-18 (04),3
AC-18 (05),3
AC-19 (05),3
AC-20 (01),3
AC-20 (02),3
AT-02 (02),3
AT-03 (03),3
AT-03 (04),3
AU-02 (03),3
AU-03 (01),3
AU-03 (02),3
AU-05 (01),3
AU-05 (02),3
AU-06 (01),3
AU-06 (03),3
AU-06 (04),3
AU-06 (05),3
AU-06 (06),3
AU-06 (07),3
AU-06 (10),3
AU-07 (01),3
AU-08 (01),3
AU-09 (02),3
AU-09 (03),3
AU-09 (04),3
AU-12 (01),3
AU-12 (03),3
CA-02 (01),3
CA-02 (02),3
CA-02 (03),3
CA-03 (03),3
CA-03 (05),3
CA-07 (01),3
CA-07 (03),3
CA-08 (01),3
CM-02 (01),3
CM-02 (02),3
CM-02 (03),3
CM-02 (07),3
CM-03 (01),3
CM-03 (02),3
CM-03 (04),3
CM-03 (06),3
CM-04 (01),3
CM-05 (01),3
CM-05 (02),3
CM-05 (03),3
CM-05 (05),3
CM-06 (01),3
CM-06 (02),3
CM-07 (01),3
CM-07 (02),3
CM-07 (05),3
CM-08 (01),3
CM-08 (02),3
CM-08 (03),3
CM-08 (04),3
CM-08 (05),3
CM-10 (01),3
CM-11 (01),3
CP-02 (01),3
CP-02 (02),3
CP-02 (03),3
CP-02 (04),3
CP-02 (05),3
CP-02 (08),3
CP-03 (01),3
CP-04 (01),3
CP-04 (02),3
CP-06 (01),3
CP-06 (02),3
CP-06 (03),3
CP-07 (01),3
CP-07 (02),3
CP-07 (03),3
CP-07 (04),3
CP-08 (01),3
CP-08 (02),3
CP-08 (03),3
CP-08 (04),3
CP-09 (01),3
CP-09 (02),3
CP-09 (03),3
CP-09 (05),3
CP-10 (02),3
CP-10 (04),3
IA-02 (01),3
IA-02 (02),3
IA-02 (03),3
IA-02 (04),3
IA-02 (05),3
IA-02 (08),3
IA-02 (09),3
IA-02 (11),3
IA-02 (12),3
IA-04 (04),3
IA-05 (01),3
IA-05 (02),3
IA-05 (03),3
IA-05 (04),3
IA-05 (06),3
IA-05 (07),3
IA-05 (08),3
IA-05 (11),3
IA-05 (13),3
IA-08 (01),3
IA-08 (02),3
IA-08 (03),3
IA-08 (04),3
IR-02 (01),3
IR-02 (02),3
IR-03 (02),3
IR-04 (01),3
IR-04 (02),3
IR-04 (03),3
IR-04 (04),3
IR-04 (06),3
IR-04 (08),3
IR-05 (01),3
IR-06 (01),3
IR-07 (01),3
IR-07 (02),3
IR-09 (01),3
IR-09 (02),3
IR-09 (03),3
IR-09 (04),3
MA-02 (02),3
MA-03 (01),3
MA-03 (02),3
MA-03 (03),3
MA-04 (02),3
MA-04 (03),3
MA-04 (06),3
MA-05 (01),3
MP-05 (04),3
MP-06 (01),3
MP-06 (02),3
MP-06 (03),3
MP-07 (01),3
PE-03 (01),3
PE-06 (01),3
PE-06 (04),3
PE-08 (01),3
PE-11 (01),3
PE-13 (01),3
PE-13 (02),3
PE-13 (03),3
PE-14 (02),3
PE-15 (01),3
PL-02 (03),3
PL-04 (01),3
PS-03 (03),3
PS-04 (02),3
RA-05 (01),3
RA-05 (02),3
RA-05 (03),3
RA-05 (04),3
RA-05 (05),3
RA-05 (06),3
RA-05 (08),3
RA-05 (10),3
SA-04 (01),3
SA-04 (02),3
SA-04 (08),3
SA-04 (09),3
SA-04 (10),3
SA-09 (01),3
SA-09 (02),3
SA-09 (04),3
SA-09 (05),3
SA-10 (01),3
SA-11 (01),3
SA-11 (02),3
SA-11 (08),3
SC-07 (03),3
SC-07 (04),3
SC-07 (05),3
SC-07 (07),3
SC-07 (08),3
SC-07 (10),3
SC-07 (12),3
SC-07 (13),3
SC-07 (18),3
SC-07 (20),3
SC-07 (21),3
SC-08 (01),3
SC-12 (01),3
SC-12 (02),3
SC-12 (03),3
SC-23 (01),3
SC-28 (01),3
SI-02 (01),3
SI-02 (02),3
SI-02 (03),3
SI-03 (01),3
SI-03 (02),3
SI-03 (07),3
SI-04 (01),3
SI-04 (02),3
SI-04 (04),3
SI-04 (05),3
SI-04 (11),3
SI-04 (14),3
SI-04 (16),3
SI-04 (18),3
SI-04 (19),3
SI-04 (20),3
SI-04 (22),3
SI-04 (23),3
SI-04 (24),3
SI-05 (01),3
SI-07 (01),3
SI-07 (02),3
SI-07 (05),3
SI-07 (07),3
SI-07 (14),3
SI-08 (01),3
SI-08 (02),3
APO01.01,4
APO01.02,4
APO01.03,4
APO01.04,4
APO01.05,4
APO01.06,4
APO01.07,4
APO01.08,4
APO02.01,4
APO02.02,4
APO02.03,4
APO02.04,4
APO02.05,4
APO02.06,4
APO03.01,4
APO03.02,4
APO03.03,4
APO03.04,4
APO03.05,4
APO04.01,4
APO04.02,4
APO04.03,4
APO04.04,4
APO04.05,4
APO04.06,4
APO05.01,4
APO05.02,4
APO05.03,4
APO05.04,4
APO05.05,4
APO05.06,4
APO06.01,4
APO06.02,4
APO06.03,4
APO06.04,4
APO06.05,4
APO07.01,4
APO07.02,4
APO07.03,4
APO07.04,4
APO07.05,4
APO07.06,4
APO08.01,4
APO08.02,4
APO08.03,4
APO08.04,4
APO08.05,4
APO09.01,4
APO09.02,4
APO09.03,4
APO09.04,4
APO09.05,4
APO10.01,4
APO10.02,4
APO10.03,4
APO10.04,4
APO10.05,4
APO11.01,4
APO11.02,4
APO11.03,4
APO11.04,4
APO11.05,4
APO11.06,4
APO12.01,4
APO12.02,4
APO12.03,4
APO12.04,4
APO12.05,4
APO12.06,4
APO13.01,4
APO13.02,4
APO13.03,4
BAI01.01,4
BAI01.02,4
BAI01.03,4
BAI01.04,4
BAI01.05,4
BAI01.06,4
BAI01.07,4
BAI01.08,4
BAI01.09,4
BAI01.10,4
BAI01.11,4
BAI01.12,4
BAI01.13,4
BAI01.14,4
BAI02.01,4
BAI02.02,4
BAI02.03,4
BAI02.04,4
BAI03.01,4
BAI03.02,4
BAI03.03,4
BAI03.04,4
BAI03.05,4
BAI03.06,4
BAI03.07,4
BAI03.08,4
BAI03.09,4
BAI03.10,4
BAI03.11,4
BAI04.01,4
BAI04.02,4
BAI04.03,4
BAI04.04,4
BAI04.05,4
BAI05.01,4
BAI05.02,4
BAI05.03,4
BAI05.04,4
BAI05.05,4
BAI05.06,4
BAI05.07,4
BAI06.01,4
BAI06.02,4
BAI06.03,4
BAI06.04,4
BAI07.01,4
BAI07.02,4
BAI07.03,4
BAI07.04,4
BAI07.05,4
BAI07.06,4
BAI07.07,4
BAI07.08,4
BAI08.01,4
BAI08.02,4
BAI08.03,4
BAI08.04,4
BAI08.05,4
BAI09.01,4
BAI09.02,4
BAI09.03,4
BAI09.04,4
BAI09.05,4
BAI10.01,4
BAI10.02,4
BAI10.03,4
BAI10.04,4
BAI10.05,4
DSS01.01,4
DSS01.02,4
DSS01.03,4
DSS01.04,4
DSS01.05,4
DSS02.01,4
DSS02.02,4
DSS02.03,4
DSS02.04,4
DSS02.05,4
DSS02.06,4
DSS02.07,4
DSS03.01,4
DSS03.02,4
DSS03.03,4
DSS03.04,4
DSS03.05,4
DSS04.01,4
DSS04.02,4
DSS04.03,4
DSS04.04,4
DSS04.05,4
DSS04.06,4
DSS04.07,4
DSS04.08,4
DSS05.01,4
DSS05.02,4
DSS05.03,4
DSS05.04,4
DSS05.05,4
DSS05.06,4
DSS05.07,4
DSS06.01,4
DSS06.02,4
DSS06.03,4
DSS06.04,4
DSS06.05,4
DSS06.06,4
EDM01.01,4
EDM01.02,4
EDM01.03,4
EDM02.01,4
EDM02.02,4
EDM02.03,4
EDM03.01,4
EDM03.02,4
EDM03.03,4
EDM04.01,4
EDM04.02,4
EDM04.03,4
EDM05.01,4
EDM05.02,4
EDM05.03,4
MEA01.01,4
MEA01.02,4
MEA01.03,4
MEA01.04,4
MEA01.05,4
MEA02.01,4
MEA02.02,4
MEA02.03,4
MEA02.04,4
MEA02.05,4
MEA02.06,4
MEA02.07,4
MEA02.08,4
MEA03.01,4
MEA03.02,4
MEA03.03,4
MEA03.04,4
C1.P1,4
C1.P1.A1,4
C1.P1.A2,4
C1.P1.A3,4
C1.P2,4
C1.P2.A1,4
C1.P2.A2,4
C1.P2.A3,4
C1.P3,4
C1.P3.A1,4
C1.P3.A2,4
C1.P3.A3,4
C1.P4,4
C1.P4.A1,4
C1.P4.A2,4
C1.P4.A3,4
C1.P5,4
C1.P5.A1,4
C1.P5.A2,4
C2.P1,4
C2.P1.A1,4
C2.P1.A2,4
C2.P2,4
C2.P2.A1,4
C2.P2.A2,4
C2.P2.A3,4
C2.P3,4
C2.P3.A1,4
C2.P3.A2,4
C2.P3.A3,4
C2.P4,4
C2.P4.A1,4
C2.P4.A2,4
C3.P1,4
C3.P1.A1,4
C3.P1.A2,4
C3.P1.A3,4
C3.P1.A4,4
C3.P2,4
C3.P2.A1,4
C3.P2.A2,4
C3.P2.A3,4
C3.P2.A4,4
C3.P2.A5,4
C3.P3,4
C3.P3.A1,4
C3.P3.A2,4
C4.P1,4
C4.P1.A1,4
C4.P1.A2,4
C4.P1.A3,4
C4.P2,4
C4.P2.A1,4
C4.P2.A2,4
C4.P3,4
C4.P3.A1,4
C4.P3.A2,4
C5.P1,4
C5.P1.A1,4
C5.P1.A2,4
C5.P1.A3,4
C5.P2,4
C5.P2.A1,4
C5.P2.A2,4
C5.P2.A3,4
AC-01,4
AC-02,4
AC-03,4
AC-04,4
AC-05,4
AC-06,4
AC-07,4
AC-08,4
AC-10,4
AC-11,4
AC-12,4
AC-14,4
AC-17,4
AC-18,4
AC-19,4
AC-20,4
AC-21,4
AC-22,4
AT-01,4
AT-02,4
AT-03,4
AT-04,4
AU-01,4
AU-02,4
AU-03,4
AU-04,4
AU-05,4
AU-06,4
AU-07,4
AU-08,4
AU-09,4
AU-10,4
AU-11,4
AU-12,4
CA-01,4
CA-02,4
CA-03,4
CA-05,4
CA-06,4
CA-07,4
CA-08,4
CA-09,4
CM-01,4
CM-02,4
CM-03,4
CM-04,4
CM-05,4
CM-06,4
CM-07,4
CM-08,4
CM-09,4
CM-10,4
CM-11,4
CP-01,4
CP-02,4
CP-03,4
CP-04,4
CP-06,4
CP-07,4
CP-08,4
CP-09,4
CP-10,4
IA-01,4
IA-02,4
IA-03,4
IA-04,4
IA-05,4
IA-06,4
IA-07,4
IA-08,4
IR-01,4
IR-02,4
IR-03,4
IR-04,4
IR-05,4
IR-06,4
IR-07,4
IR-08,4
IR-09,4
MA-01,4
MA-02,4
MA-03,4
MA-04,4
MA-05,4
MA-06,4
MP-01,4
MP-02,4
MP-03,4
MP-04,4
MP-05,4
MP-06,4
MP-07,4
PE-01,4
PE-02,4
PE-03,4
PE-04,4
PE-05,4
PE-06,4
PE-08,4
PE-09,4
PE-10,4
PE-11,4
PE-12,4
PE-13,4
PE-14,4
PE-15,4
PE-16,4
PE-17,4
PE-18,4
PL-01,4
PL-02,4
PL-04,4
PL-08,4
PS-01,4
PS-02,4
PS-03,4
PS-04,4
PS-05,4
PS-06,4
PS-07,4
PS-08,4
RA-01,4
RA-02,4
RA-03,4
RA-05,4
SA-01,4
SA-02,4
SA-03,4
SA-04,4
SA-05,4
SA-08,4
SA-09,4
SA-10,4
SA-11,4
SA-12,4
SA-15,4
SA-16,4
SA-17,4
SC-01,4
SC-02,4
SC-03,4
SC-04,4
SC-05,4
SC-06,4
SC-07,4
SC-08,4
SC-10,4
SC-12,4
SC-13,4
SC-15,4
SC-17,4
SC-18,4
SC-19,4
SC-20,4
SC-21,4
SC-22,4
SC-23,4
SC-24,4
SC-28,4
SC-39,4
SI-01,4
SI-02,4
SI-03,4
SI-04,4
SI-05,4
SI-06,4
SI-07,4
SI-08,4
SI-10,4
SI-11,4
SI-12,4
SI-16,4
1.1,4
1.2,4
1.3,4
1.4,4
1.5,4
1.6,4
1.7,4
1.8,4
1.9,4
1.10,4
1.1.1,4
1.1.2,4
1.1.3,4
1.1.4,4
1.1.5,4
1.1.6,4
1.1.7,4
1.1.8,4
1.1.9,4
1.1.10,4
AD1.1,4
AD1.2,4
AD1.3,4
AD1.4,4
AD1.5,4
AD1.6,4
AD1.7,4
AD1.8,4
AD1.9,4
AD1.10,4
ABC.1 (1),3
ABC.1 (2),3
ABC.1 (3),3
ABC.1 (4),3
ABC.1 (5),3
ABC.1 (6),3
ABC.1 (7),3
ABC.1 (8),3
1-2, 4
1-3, 4
1-4, 4
1-5, 4
1-6, 4
1-7, 4
1-8, 4
1-9, 4
1-10, 4
